PID,Scenes
0035,1
0035,2
0035,4
0035,8
0035,10
0035,12
0035,15
0035,19
0035,23
0035,24
0035,25
0035,30
0035,31
0035,27
0035,35
0208,1
0208,4
0208,8
0208,10
0208,11
0208,17
0208,12
0208,13
0208,30
0208,31
0208,33
0208,23
0208,24
0208,25
0208,33
0208,35
0208,19
0208,16
0757,1
0757,2
0757,12
0757,13
0757,6
0757,4
0757,8
0757,11
0757,4
0757,11
0757,16
0757,17
0757,22
0757,23
0757,24
0757,25
0757,27
0757,30
0757,31
0757,35
0757,33
0756,1
0756,2
0756,15
0756,12
0756,13
0756,27
0756,23
0756,25
0756,33
0756,30
0756,27
0756,6
0756,27
0756,31
0756,31
0756,35
0295,1
0295,10
0295,11
0295,33
0295,31
0295,30
0295,12
0295,13
0295,35
2579,1
2579,4
2579,2
2579,12
2579,11
2579,30
2579,31
2579,35
2579,33
2579,22
2579,23
2579,24
2579,25
2579,33
2610,1
2610,4
2610,2
2610,10
2610,12
2610,13
2610,17
2610,19
2610,15
2610,22
2610,28
2610,22
2610,23
2610,24
2610,25
2610,30
2610,31
2610,33
2610,16
2610,31
2610,35
2610,12
2610,18
2610,33
2610,17
2610,23
2610,33
2610,22
2610,33
2610,16
2610,22
2610,30
2610,6
3011,4
3011,8
3011,10
3011,11
3011,12
3011,13
3011,15
3011,1
3011,12
3011,27
3011,23
3011,24
3011,25
3011,27
3011,31
3011,30
3011,31
3011,35
3011,16
3046,1
3046,4
3046,10
3046,11
3046,27
3046,33
3046,23
3046,33
3046,12
3046,13
3046,30
3046,22
3046,31
3046,35
3951,1
3951,2
3951,4
3951,8
3951,10
3951,11
3951,12
3951,13
3951,33
3951,17
3951,33
3951,22
3951,30
3951,31
3951,35
3951,27
3951,23
3951,22
3951,23
3951,24
3951,25
3951,27
3951,35
3952,1
3952,4
3952,8
3952,10
3952,12
3952,13
3952,15
3952,17
3952,16
3952,17
3952,28
3952,30
3952,31
3952,35
3952,23
3952,25
3952,33
3952,18
3952,35
3952,33
3981,1
3981,12
3981,13
3981,30
3981,8
3981,4
3981,10
3981,31
3981,35
4407,1
4407,2
4407,12
4407,1
4407,31
4407,12
4407,13
4407,15
4407,4
4407,8
4407,10
4407,11
4407,27
4407,17
4407,30
4407,31
4407,23
4407,25
4407,35
4590,1
4590,4
4590,12
4590,13
4590,8
4590,10
4590,30
4590,31
4590,33
4590,35
4590,31
4590,35
4590,23
4590,24
4590,25
4590,17
4590,35
4590,27
4590,35
4781,1
4781,12
4781,13
4781,2
4781,10
4781,11
4781,33
4781,22
4781,23
4781,24
4781,25
4781,27
4781,30
4781,31
4781,35
5006,1
5006,4
5006,8
5006,10
5006,12
5006,13
5006,17
5006,22
5006,23
5006,24
5006,25
5006,13
5006,33
5006,30
5006,31
5006,4
5006,31
5006,35
5006,27
5006,19
5006,27
5006,35
5006,30
5006,35
5006,30
5849,1
5849,2
5849,10
5849,8
5849,11
5849,16
5849,17
5849,12
5849,13
5849,30
5849,19
5849,6
5849,19
5849,33
5849,22
5849,23
5849,24
5849,25
5849,31
6021,1
6021,4
6021,8
6021,12
6021,31
6215,1
6215,8
6215,4
6215,8
6215,2
6215,4
6215,2
6215,10
6215,11
6215,12
6215,13
6215,19
6215,11
6215,17
6215,30
6215,6
6215,23
6215,22
6215,23
6215,24
6215,25
6215,30
6215,31
6215,4
6215,31
6215,27
6215,35
6773,1
6773,2
6773,10
6773,12
6773,13
6799,1
6799,4
6799,8
6799,12
6799,13
6799,4
6799,8
6799,10
6799,22
6799,31
6799,30
6799,31
6799,35
6799,31
6799,35
6943,1
6943,2
6943,4
6971,1
6971,2
6971,10
6971,12
6971,13
6971,11
6971,15
6971,17
6971,33
6971,30
6971,31
6971,35
6977,1
6977,12
6977,13
6977,15
6977,1
6977,2
6977,10
6977,15
6977,4
6977,28
6977,22
6977,23
6977,24
6977,25
6977,17
6977,11
6977,33
6977,30
6977,31
6977,35
7255,1
7255,10
7255,16
7255,12
7255,22
7255,23
7255,25
7255,30
7255,31
7255,35
7255,27
7255,33
7255,13
7255,17
7255,33
7255,4
7255,35
8607,1
8607,4
8607,8
8607,12
8607,13
8607,8
8607,9
8607,10
8607,4
8607,10
8607,11
8607,22
8607,15
8607,16
8607,22
8607,23
8607,24
8607,25
8607,30
8607,31
8607,33
8607,35
8621,1
8621,4
8621,2
8621,12
8621,13
8621,8
8621,11
8621,22
8621,30
8621,35
8621,31
8621,23
8621,24
8621,25
8746,2
8746,6
8746,17
8746,33
8746,12
8746,13
8746,30
8746,35
8929,1
8929,4
8929,30
8929,11
8929,35
9436,1
9436,2
9436,10
9436,4
9436,10
9436,12
9436,13
9436,17
9436,33
9436,30
9436,31
9436,22
9436,23
9436,24
9436,25
9436,19
9436,27
9436,35
9436,16
9436,17
9436,35
9827,4
9827,10
9827,6
9827,17
9827,30
9827,31
9827,35
9907,1
9907,2
9907,16
9907,17
9907,4
9907,8
9907,4
9907,8
9907,10
9907,11
9907,15
9907,12
9907,13
9907,15
9907,19
9907,22
9907,23
9907,24
9907,25
9907,27
9907,30
9907,31
9907,35
,
,
,
,
